{
  "train_loss": [
    0.21140659702041448,
    0.11442672664951976,
    0.09781129279900076,
    0.08853132944559994,
    0.08281740376012911,
    0.07614530224195148,
    0.07317545741247442,
    0.06826752115730285,
    0.059475434866546405,
    0.05716134801140961,
    0.054765923528949746,
    0.05364961669874037,
    0.05340726274765272,
    0.051176380669394075,
    0.04628720336295546,
    0.0447382501670766,
    0.0440873112813636,
    0.043173334945864804,
    0.04356015614907681,
    0.0420941811696244
  ],
  "train_acc": [
    94.13936203158873,
    97.19170021678538,
    97.51997522452771,
    97.80241560854753,
    97.95850108392692,
    98.11830288014865,
    98.20377825952308,
    98.28305977082688,
    98.50975534221121,
    98.54196345617838,
    98.6100960049551,
    98.60390213688449,
    98.61752864663983,
    98.65345308144937,
    98.7562712914215,
    98.77980799008981,
    98.79838959430164,
    98.81944874574171,
    98.76742025394859,
    98.83431402911118
  ],
  "val_loss": [
    0.5779805526899364,
    0.4367009422242869,
    0.5719051923555353,
    0.82807159975076,
    0.8210634317239782,
    1.4199548825864143,
    0.6227668068405465,
    1.1919752971506299,
    0.659257929698686,
    1.134737595170952,
    0.7455545034152997,
    0.8937609652574307,
    0.9976811224232637,
    0.8764020806527133,
    0.8880891131970847,
    0.7127577182574737,
    0.7421153859232045,
    1.0048036513890977,
    0.743417471036022,
    0.8404532304973035
  ],
  "val_acc": [
    83.8514966098892,
    90.1852158094923,
    84.1491648751447,
    83.38018852323466,
    82.8013891185712,
    83.41326277492972,
    83.68612535141392,
    83.3719199603109,
    83.66131966264263,
    82.01587564081363,
    83.578634033405,
    83.36365139738713,
    83.40499421200596,
    83.60343972217629,
    81.9083843228047,
    83.80188523234662,
    82.59467504547709,
    83.02464031751282,
    83.68612535141392,
    83.30577145692078
  ],
  "learning_rate": [
    0.001,
    0.001,
    0.001,
    0.001,
    0.001,
    0.001,
    0.001,
    0.0005,
    0.0005,
    0.0005,
    0.0005,
    0.0005,
    0.0005,
    0.00025,
    0.00025,
    0.00025,
    0.00025,
    0.00025,
    0.00025,
    0.000125
  ]
}