{
  "train_loss": [
    0.26375880167149557,
    0.16117324571205785,
    0.1416411987184282,
    0.12711493568661872,
    0.11946143957678104,
    0.11089814200471805,
    0.10437539007532137,
    0.10047660890345288,
    0.09680792332836663,
    0.09210179660930963,
    0.08914493298846198,
    0.08593550510450454,
    0.08211350456367966,
    0.08047675551006038,
    0.07873616397303884,
    0.07669932483452273,
    0.07401926453905477,
    0.07461335683540556,
    0.07110853309580506,
    0.0693384123572663
  ],
  "train_acc": [
    92.83773741213162,
    96.03450166295092,
    96.45968105454236,
    96.71917449410962,
    96.87389593460279,
    97.13948076946505,
    97.38557313938331,
    97.45866988292339,
    97.55856876576148,
    97.63532034647857,
    97.71207192719564,
    97.72425471778566,
    97.85582885615779,
    97.8680116467478,
    97.96791052958591,
    98.01055029665095,
    98.02395136629997,
    98.06049973807,
    98.12141369102007,
    98.18720076020614
  ],
  "val_loss": [
    0.1324382475359696,
    0.1369518033146127,
    0.10838760228427215,
    0.14593057963501,
    0.0916017932799932,
    0.09424187609856234,
    0.13107471987082858,
    0.07903538917182623,
    0.09987084862610726,
    0.10866890753245104,
    0.07310696608151927,
    0.07561495682337782,
    0.08522213994477501,
    0.06778101542981986,
    0.05971783733813562,
    0.06381811804538505,
    0.06948415949618636,
    0.06888756615101038,
    0.061162983658114255,
    0.0598492516165547
  ],
  "val_acc": [
    96.63011695906432,
    96.44736842105263,
    97.03216374269006,
    96.16228070175438,
    97.40497076023392,
    97.5,
    96.81286549707602,
    97.94590643274854,
    97.5,
    97.52923976608187,
    98.00438596491227,
    98.17251461988305,
    97.82163742690058,
    98.12134502923976,
    98.31871345029239,
    98.42105263157895,
    98.20175438596492,
    98.19444444444444,
    98.44298245614036,
    98.42836257309942
  ],
  "learning_rate": [
    0.001,
    0.001,
    0.001,
    0.001,
    0.001,
    0.001,
    0.001,
    0.001,
    0.001,
    0.001,
    0.001,
    0.001,
    0.001,
    0.001,
    0.001,
    0.001,
    0.001,
    0.001,
    0.001,
    0.001
  ]
}