{
  "train_loss": [
    0.2608412133728789,
    0.15312355388955232,
    0.12818976991425493,
    0.11545924050983995,
    0.10382687195213504,
    0.09907449108779683,
    0.09280094829102338,
    0.08954374447714059,
    0.0854823295425031,
    0.07442689931154721,
    0.07182907097171892,
    0.07141301132699934,
    0.06789376546462696,
    0.06672439233383463,
    0.06546687342256571,
    0.06082093253370938,
    0.059509563549700197,
    0.058837568203594356,
    0.058330381949855264,
    0.05688095977511987
  ],
  "train_acc": [
    93.07175722918343,
    96.07035163805428,
    96.51605617559076,
    96.92692127488317,
    97.26089933805068,
    97.38944485157198,
    97.54682300364011,
    97.62611275964392,
    97.75706099304412,
    98.04899145833083,
    98.11386489506121,
    98.13909345378968,
    98.19675873088336,
    98.17753697185213,
    98.24241040858251,
    98.36615048234601,
    98.36735184228547,
    98.42621847931859,
    98.39738584077175,
    98.42141303956079
  ],
  "val_loss": [
    0.17592017492932208,
    0.19221428938956103,
    0.1544879881048898,
    0.1412675372473395,
    0.18533276391000608,
    0.18717543934676584,
    0.16022215140999782,
    0.17031880745379796,
    0.15777906746190518,
    0.26120327706894814,
    0.18599603252572977,
    0.23696470491018926,
    0.34124346686813817,
    0.21981797839146217,
    0.20819876014954566,
    0.21554350587407456,
    0.2024214294869865,
    0.3175798280563553,
    0.20707899768995813,
    0.24497060636901985
  ],
  "val_acc": [
    96.88733011836914,
    96.14204296361245,
    97.36226801110624,
    97.18690632763408,
    95.87169370159287,
    96.4416191728774,
    96.93117053923717,
    97.16498611720006,
    97.2453602221248,
    92.98553266111355,
    95.15563349408154,
    94.61493497004238,
    89.48560572848166,
    94.14730381411661,
    94.61493497004238,
    94.19114423498466,
    95.17755370451556,
    90.74236446003215,
    95.30176823030834,
    93.02937308198159
  ],
  "learning_rate": [
    0.001,
    0.001,
    0.001,
    0.001,
    0.001,
    0.001,
    0.001,
    0.001,
    0.0005,
    0.0005,
    0.0005,
    0.0005,
    0.0005,
    0.0005,
    0.00025,
    0.00025,
    0.00025,
    0.00025,
    0.00025,
    0.00025
  ]
}