{
  "train_loss": [
    0.24056222721571396,
    0.13633459159942501,
    0.11516676878124305,
    0.10206169449415595,
    0.09421734939531246,
    0.08646175395715146,
    0.0824695171182575,
    0.07750579023710608,
    0.07371023829373484,
    0.06825057818992873,
    0.06830042195635373,
    0.0654568648207737,
    0.06536466810886091,
    0.06147594756198604,
    0.060224309751769275,
    0.057276470587324664,
    0.050696257654170095,
    0.04853915578842256,
    0.046599732395466116,
    0.045982915826485185
  ],
  "train_acc": [
    93.38509780498731,
    96.59399731222936,
    97.07331641033298,
    97.41824697625803,
    97.62878901000448,
    97.80648051366283,
    97.9154845453188,
    98.02896819471405,
    98.15290428550097,
    98.28131999402717,
    98.23353740480812,
    98.32462296550695,
    98.31566373002838,
    98.4007764670748,
    98.38883081977005,
    98.48290279229506,
    98.64416903090937,
    98.73376138569509,
    98.68000597282365,
    98.75765268030462
  ],
  "val_loss": [
    0.4156832073472048,
    0.3210413136372441,
    0.3607766063589799,
    0.2922719938582496,
    0.3023321658961083,
    0.3164830383305487,
    0.3131204531773141,
    0.31552957057168607,
    0.3209054739165463,
    0.318131479483686,
    0.34610490844045816,
    0.3022487123839949,
    0.3541589775367787,
    0.31068198265213715,
    0.3420685309132463,
    0.3901758336118962,
    0.3369996539856258,
    0.33181510419633825,
    0.3678905607054108,
    0.2983010501453751
  ],
  "val_acc": [
    92.86014279714405,
    93.40613187736245,
    92.48215035699286,
    93.61612767744646,
    94.16211675766485,
    93.86812263754724,
    94.03611927761445,
    92.56614867702646,
    94.12011759764805,
    94.28811423771525,
    93.99412011759765,
    94.03611927761445,
    93.86812263754724,
    94.07811843763125,
    93.70012599748004,
    93.78412431751364,
    93.82612347753044,
    94.45611087778245,
    93.07013859722805,
    93.15413691726165
  ],
  "test_loss": [
    0.8648599207433811,
    0.7355752896078289,
    0.7892160746268928,
    0.9004841075323554,
    0.768588792370006,
    0.7194085060639153,
    0.6359905861033428,
    1.3609662223525965,
    0.6837889746270716,
    1.1418726956492136,
    0.6498816675325046,
    0.7834922218833558,
    0.9964523065833204,
    1.3334916482626675,
    0.5528143057518325,
    0.8915750674870857,
    1.0909939642678377,
    0.8447649914885192,
    1.1738022593293322,
    1.2387629607570354
  ],
  "test_acc": [
    79.06563759306059,
    81.13516836281674,
    79.65985929922819,
    76.75705211392665,
    80.34970288914691,
    85.11713680759512,
    86.19629806707192,
    60.69940577829383,
    85.24690936411447,
    76.53848780820982,
    85.36302165152654,
    83.89454272249164,
    80.80732190424152,
    70.96509801243084,
    89.9118912642579,
    84.16091797008401,
    76.54531794276348,
    82.30312137149102,
    74.24356259818319,
    72.54285909432416
  ],
  "learning_rate": [
    0.001,
    0.001,
    0.001,
    0.001,
    0.001,
    0.001,
    0.001,
    0.001,
    0.001,
    0.001,
    0.001,
    0.001,
    0.001,
    0.001,
    0.001,
    0.0005,
    0.0005,
    0.0005,
    0.0005,
    0.0005
  ]
}