{
  "train_loss": [
    1.591640491924152,
    1.373291011629677,
    0.6118469690658669,
    0.35611076187269813,
    0.2973092128453734,
    0.25901295455493506,
    0.22439627458551203,
    0.2098150485756336,
    0.1847559954573285,
    0.16717283257856,
    0.16306303632289565,
    0.14735159983485357,
    0.1336386726090477,
    0.1320373930606123,
    0.1231169180882135,
    0.1164350694427245,
    0.11734413154951688,
    0.10755035145584253,
    0.11977750990635608,
    0.10235608134793288
  ],
  "train_acc": [
    82.98185982481147,
    87.42005043675304,
    94.02312293653985,
    95.89683612928377,
    96.54008747243644,
    96.94577439908386,
    97.31247639584323,
    97.47085267351339,
    97.88384927451482,
    98.10435778419405,
    98.29319103833924,
    98.33461252634528,
    98.5478113616705,
    98.52466405954948,
    98.69278656969165,
    98.70984247651766,
    98.72933494146169,
    98.82070587088678,
    98.78659405723475,
    98.86212735889283
  ],
  "val_loss": [
    1.5102911073470784,
    0.8688292210904237,
    0.36274074004075235,
    0.33209005088728166,
    0.24823006266884715,
    0.22800153768926024,
    0.2611830948947746,
    0.18705240818106125,
    0.19569989648934838,
    0.2645626403043203,
    0.13867760101489932,
    0.15350289346876544,
    0.12638503438401444,
    0.12619140895658007,
    0.14029064630027685,
    0.1442268746165193,
    0.10949830996377447,
    0.13437213536317102,
    0.10240086171532346,
    0.12515964614941139
  ],
  "val_acc": [
    83.24561403508773,
    92.9093567251462,
    95.6798245614035,
    96.4766081871345,
    96.94444444444444,
    97.01754385964912,
    97.60964912280701,
    97.93859649122807,
    97.8874269005848,
    97.42690058479532,
    98.34795321637426,
    98.20175438596492,
    98.62573099415205,
    98.53070175438596,
    98.60380116959064,
    98.41374269005848,
    98.73538011695906,
    98.43567251461988,
    98.76461988304094,
    98.36988304093568
  ],
  "test_loss": [
    1.495453851245274,
    0.8686003854898648,
    0.363285922419245,
    0.33245357230444933,
    0.249566707690464,
    0.22567228144295862,
    0.2568976881208821,
    0.1819082671584927,
    0.20031916245678874,
    0.2615479060283331,
    0.13437155402639758,
    0.15416824298902093,
    0.12808037319473017,
    0.12409747404124692,
    0.13664561530975539,
    0.1398185946604359,
    0.11002945901704168,
    0.12982056557992908,
    0.09569205545654921,
    0.12589514702906676
  ],
  "test_acc": [
    83.8327729864055,
    93.0200263119427,
    95.79739804122204,
    96.44057886273937,
    96.92296447887736,
    97.06183306534132,
    97.68308726794328,
    98.07045753544803,
    97.85850021926619,
    97.66846952199971,
    98.50168104078351,
    98.26048823271452,
    98.61862300833212,
    98.67709399210642,
    98.67709399210642,
    98.38473907323491,
    98.78672708668323,
    98.57476977050139,
    98.94752229206256,
    98.39935681917848
  ],
  "learning_rate": [
    0.001,
    0.001,
    0.001,
    0.001,
    0.001,
    0.001,
    0.001,
    0.001,
    0.001,
    0.001,
    0.001,
    0.001,
    0.001,
    0.001,
    0.001,
    0.001,
    0.001,
    0.001,
    0.001,
    0.001
  ]
}