{
  "train_loss": [
    0.7374264912989023,
    0.46496155659435134,
    0.4186830648677663,
    0.3483908955974683,
    0.34061197060815823,
    0.30520458075792084,
    0.28653646304343977,
    0.2656294137852111,
    0.26799106399731204,
    0.2542208514988585,
    0.23831310213651632,
    0.24451909643697348,
    0.23479274387122223,
    0.21966421490481425,
    0.21219574067442565,
    0.22830169497817082,
    0.20458031296134807,
    0.20987930410742667,
    0.19502974242343626,
    0.19143915609024692
  ],
  "train_acc": [
    62.949337945988084,
    77.9542713751477,
    82.57951347861571,
    86.10965612171562,
    87.24495389375464,
    87.68835345279135,
    89.1354926729441,
    90.39869416393603,
    90.2330283946256,
    90.86158381347984,
    91.05039406526744,
    91.38294373454497,
    91.61560668997356,
    91.74107414761308,
    91.6716407001815,
    91.74472853958315,
    92.63152765765656,
    92.0943320380544,
    92.4110460087949,
    92.4098278781382
  ],
  "val_loss": [
    1.051760499652858,
    0.867056079174035,
    0.8335668626894183,
    1.2146763663878228,
    0.7965562492086787,
    0.7400088974701189,
    0.9593009147923613,
    0.8038370357913391,
    0.8651896922296418,
    0.8493563882967405,
    0.9514327284784239,
    0.8320094075741542,
    0.9514738020669913,
    0.8325542968675542,
    0.8321812467477676,
    1.040832175503302,
    0.9386432443122014,
    1.0115331787568143,
    0.8686336198882592,
    1.2917850258255326
  ],
  "val_acc": [
    56.18733991950238,
    57.90706183680937,
    72.18441273326016,
    62.26856933772411,
    77.03622392974754,
    76.6044639590194,
    77.9216977680205,
    84.32491767288694,
    82.2319795096963,
    80.22685693377241,
    70.66227588730332,
    79.67800951335529,
    84.33955360409806,
    88.24734723746798,
    82.7661909989023,
    77.51189169410904,
    88.64251738016831,
    76.78741309915843,
    81.20746432491767,
    79.83168679107209
  ],
  "test_loss": [
    1.8080119927909886,
    1.4685941715942366,
    1.5592958931680594,
    2.0841549225499696,
    1.1490238899034317,
    1.6392989696708518,
    1.288703395103792,
    1.0558135514822136,
    1.3434855807227166,
    1.2188771766192654,
    1.7831690367996675,
    1.4190557049859367,
    1.2570524990773366,
    1.4195218158256977,
    1.0920573021497395,
    1.4033035550644037,
    1.4155404631645783,
    1.4029692012138575,
    1.4031371631266258,
    1.5090896443616997
  ],
  "test_acc": [
    31.96463797764302,
    58.82954628479579,
    59.32636808650544,
    40.395996200774455,
    69.86191276393659,
    62.606853218382405,
    71.5350332432235,
    81.21575217359538,
    72.95243661868926,
    73.57346387082633,
    58.624972601738875,
    68.89749397238255,
    81.55914371301235,
    75.58997588953021,
    79.8714108277928,
    73.8803243954117,
    89.74209103528896,
    71.59348286695405,
    73.0035800394535,
    83.95557828596479
  ],
  "learning_rate": [
    0.001,
    0.001,
    0.001,
    0.001,
    0.001,
    0.001,
    0.001,
    0.001,
    0.001,
    0.001,
    0.001,
    0.001,
    0.001,
    0.001,
    0.001,
    0.001,
    0.001,
    0.001,
    0.001,
    0.001
  ]
}