{
  "train_loss": [
    0.20246530474692606,
    0.07239645208893551,
    0.059412879720086846,
    0.05313152826404046,
    0.04899138671082576,
    0.04568741304649943,
    0.04619005158624836,
    0.03178446445732931,
    0.029736390125590213,
    0.027107001490587458,
    0.027632477353006633,
    0.025957124921415206,
    0.0247701156133817,
    0.01818193196849713,
    0.015654654246303957,
    0.015423991859953247,
    0.014588761223550527,
    0.014296545872376547,
    0.012567104834784126,
    0.00988537471864005
  ],
  "train_acc": [
    94.8593808190872,
    98.03097105923906,
    98.38537224137724,
    98.56557623229496,
    98.66769182714833,
    98.75298838284938,
    98.73256526387871,
    99.1290140438977,
    99.18427660111246,
    99.19148476074916,
    99.19028340080972,
    99.24194187820613,
    99.26837179687406,
    99.43175674863946,
    99.50624106488544,
    99.51344922452216,
    99.5518927425846,
    99.52786554379557,
    99.58793354076815,
    99.69365321543988
  ],
  "val_loss": [
    0.14905498475684983,
    0.18270161715013825,
    0.16665899038065124,
    0.21262017639549916,
    0.15979680437375693,
    0.17874041574870259,
    0.21455836431512953,
    0.1732474737042802,
    0.26438405630810463,
    0.29918313480615427,
    0.19727859265460942,
    0.2235301060382056,
    0.19763223019026288,
    0.30640770626203484,
    0.2820293174623959,
    0.19557711795493057,
    0.33946357143879574,
    0.20392417752462505,
    0.22430268340964754,
    0.22158852336896406
  ],
  "val_acc": [
    97.11383895952068,
    95.57942422913926,
    95.8059330702908,
    93.86234107847436,
    95.68171854449803,
    94.62954844366506,
    92.53251497881047,
    95.28715475668567,
    90.39894782989917,
    89.95323688440742,
    93.4166301329826,
    92.80286424083005,
    95.44059622972381,
    89.21525646646208,
    89.82902235861464,
    95.14102002045887,
    88.88645330995178,
    94.68069560134444,
    93.48239076428467,
    93.92079497296507
  ],
  "learning_rate": [
    0.001,
    0.001,
    0.001,
    0.001,
    0.001,
    0.001,
    0.0005,
    0.0005,
    0.0005,
    0.0005,
    0.0005,
    0.0005,
    0.00025,
    0.00025,
    0.00025,
    0.00025,
    0.00025,
    0.00025,
    0.000125,
    0.000125
  ]
}