{
  "train_loss": [
    0.16774362625433176,
    0.05492005103176221,
    0.04661125159667799,
    0.040612089339656265,
    0.038123271422975044,
    0.035765674074712504,
    0.0356862593834988,
    0.03338892570161371,
    0.030404714167966005,
    0.0232112150446131,
    0.02224528908066484,
    0.019982541778445703,
    0.02002136856356264,
    0.017493662849896462,
    0.01746762885540785,
    0.016879458231685875,
    0.012404392161905631,
    0.010574738467931334,
    0.009765603544284894,
    0.008804076042273918
  ],
  "train_acc": [
    95.9046144317126,
    98.56426138123258,
    98.80582223598637,
    98.96934035305048,
    98.98792195726232,
    99.065964694952,
    99.05853205326727,
    99.12914214927223,
    99.18364818829359,
    99.3868070610096,
    99.40538866522144,
    99.43635800557448,
    99.46113347785692,
    99.49334159182409,
    99.5044905543512,
    99.52431093217714,
    99.6457107463611,
    99.67048621864355,
    99.6903065964695,
    99.74357386187674
  ],
  "val_loss": [
    0.6961201723047813,
    0.7217021000922027,
    0.7938116505589162,
    0.799189477203683,
    0.7743840472459428,
    0.7728054074759904,
    0.7817059185582419,
    0.5457677202177278,
    0.7083778428472763,
    0.9403145098693698,
    0.9712741067067895,
    0.6813805887066136,
    0.7703818704900792,
    1.3133667130731588,
    0.9436671353860653,
    1.6215966937239048,
    1.2270639871533378,
    1.3757692790131648,
    1.4055744816640592,
    1.439645100515071
  ],
  "val_acc": [
    79.59318670415082,
    79.86604928063502,
    82.34661815776418,
    78.4769307094427,
    81.27997354059865,
    82.31354390606913,
    79.60145526707458,
    80.46138581114602,
    80.59368281792625,
    82.44584091284935,
    80.22986604928063,
    82.28873821729783,
    81.42053911030263,
    78.38597651728129,
    81.07325946750454,
    75.57466512320158,
    79.03919298825863,
    77.62526872829503,
    78.956507359021,
    80.20506036050935
  ],
  "learning_rate": [
    0.001,
    0.001,
    0.001,
    0.001,
    0.001,
    0.001,
    0.001,
    0.001,
    0.0005,
    0.0005,
    0.0005,
    0.0005,
    0.0005,
    0.0005,
    0.0005,
    0.00025,
    0.00025,
    0.00025,
    0.00025,
    0.00025
  ]
}