{
  "train_loss": [
    0.4819962890529809,
    0.2536149751206255,
    0.21654871325513067,
    0.18156221955114524,
    0.1594911306059904,
    0.15404531111561826,
    0.1455044779180319,
    0.13286853484614858,
    0.13187773722795215,
    0.11372595527866276,
    0.10977329780541459,
    0.11859701094395443,
    0.09943028223219554,
    0.10077897243841245,
    0.10154639677230243,
    0.08321527355087055,
    0.06627407394453377,
    0.0639523129096503,
    0.06090794496847257,
    0.06382841179036663
  ],
  "train_acc": [
    76.46449758201065,
    89.6641613779494,
    91.30011084988976,
    93.21744850352648,
    93.84356766106733,
    93.99583399315411,
    93.90447419390203,
    95.04951701119462,
    94.93135833749528,
    95.38937546441231,
    95.50509787679826,
    95.52580609796206,
    96.02280340589331,
    96.13487142630919,
    95.94849743583497,
    96.80484328749101,
    97.25920602243797,
    97.53693981216425,
    97.3798009574507,
    97.61490017419268
  ],
  "val_loss": [
    1.52457881200989,
    0.9777537101344423,
    0.9720567454933189,
    1.579337317883864,
    1.1967463038802455,
    1.0677258436718768,
    0.9015258889728025,
    1.1980521364603192,
    1.1208733731266611,
    1.0047938385573063,
    1.5177702851028825,
    1.2552935990573464,
    1.4436173161195818,
    1.7810828257305873,
    1.5748600856396675,
    1.2624082186247905,
    1.423142896826563,
    1.226263149523543,
    1.45339901877905,
    1.3852057859655709
  ],
  "val_acc": [
    50.86717892425906,
    72.47713135748262,
    71.18916941090377,
    60.461031833150386,
    60.20490303695573,
    68.79619465788511,
    73.01134284668862,
    67.17160629345042,
    75.87266739846322,
    67.84485912916209,
    56.58251006220271,
    67.57409440175631,
    70.18660812294182,
    60.28540065861691,
    65.12989388949872,
    70.85254299304793,
    64.74935967800951,
    73.1284302963776,
    74.08708379070619,
    71.26966703256495
  ],
  "test_loss": [
    1.4565972340963433,
    1.3033323304077054,
    1.186967967722182,
    1.4692320242071542,
    1.3376411659812781,
    1.5373947410961226,
    1.5670557011628228,
    1.64777691137137,
    1.4063703079237908,
    1.7678222360032845,
    1.8551874304789762,
    1.817836459401873,
    2.017212931822363,
    2.2225007865508304,
    2.0476041491394734,
    1.8019228449491698,
    2.13475100880393,
    1.928385742206701,
    2.060631566809351,
    1.8160137814756865
  ],
  "test_acc": [
    66.24534229560898,
    68.23262950244758,
    71.65193249068459,
    71.36699057499817,
    66.02615620661942,
    69.53313363045226,
    65.59509023160663,
    65.45627237524658,
    72.29487835172061,
    64.49185358369256,
    66.41338496383429,
    67.42894717615255,
    59.66975962592241,
    55.79747205377365,
    62.095419010740116,
    70.75326952582743,
    62.46072915905604,
    65.35398553371813,
    69.25549791773216,
    68.73675750712354
  ],
  "learning_rate": [
    0.001,
    0.001,
    0.001,
    0.001,
    0.001,
    0.001,
    0.001,
    0.001,
    0.001,
    0.001,
    0.001,
    0.001,
    0.001,
    0.001,
    0.0005,
    0.0005,
    0.0005,
    0.0005,
    0.0005,
    0.0005
  ]
}