{
  "train_loss": [
    0.7525799772857823,
    0.48057477662932224,
    0.4063972261980703,
    0.37412834656002303,
    0.3070633328113253,
    0.31324810635764594,
    0.28220412457840377,
    0.270996142708925,
    0.26882991266242073,
    0.2574235221109537,
    0.24647636951588686,
    0.23938107476129403,
    0.24376138489170368,
    0.22013676699709928,
    0.2238560258032827,
    0.2222266375943805,
    0.18794726103779066,
    0.1684797445522068,
    0.1735587500804304,
    0.15164545100491847
  ],
  "train_acc": [
    64.01971031805286,
    77.86620875018664,
    82.72510079139913,
    85.60698820367328,
    87.2659399731223,
    87.15394952964014,
    89.14887262953562,
    90.29714797670599,
    90.15230700313573,
    90.33298491862028,
    91.09451993429894,
    91.27370464387039,
    91.09004031655965,
    90.99596834403464,
    91.48872629535613,
    91.62012841570852,
    92.83858444079439,
    93.21487233089444,
    93.37315215768254,
    93.49260863073017
  ],
  "val_loss": [
    1.3485434102384668,
    1.5681917730130648,
    2.1563059146467007,
    2.4377510010411867,
    1.3466369705764871,
    2.809942578994914,
    1.9914225794767078,
    2.800055543058797,
    2.6332660356634543,
    3.067333404366907,
    2.2952898725083,
    3.105464529050024,
    2.404499459423517,
    3.706603497658905,
    2.6248465486262975,
    3.1781842053720823,
    3.3674014259717966,
    3.548215115540906,
    3.5473820578895117,
    3.7849438778663935
  ],
  "val_acc": [
    53.92692146157077,
    87.90424191516169,
    93.19613607727845,
    88.1562368752625,
    66.52666946661067,
    93.40613187736245,
    92.48215035699286,
    88.1142377152457,
    93.70012599748004,
    93.78412431751364,
    87.0642587148257,
    90.88618227635448,
    86.2242755144897,
    89.16421671566569,
    85.17429651406972,
    93.23813523729525,
    90.13019739605208,
    82.23435531289374,
    82.65434691306174,
    75.8504829903402
  ],
  "test_loss": [
    1.967406031020864,
    1.3577989430439263,
    1.0934913616188229,
    0.9667212969123276,
    1.9912773179109962,
    0.9911712895607063,
    1.0965747797137786,
    1.4566429067061457,
    1.1235374801967082,
    1.0560515886701352,
    1.1662252233668706,
    1.4166946315804423,
    1.2583187784202494,
    1.35761266226136,
    1.3996792562533675,
    1.3047420611385434,
    1.1249877531650805,
    1.444269366041802,
    1.2999743267600974,
    1.6370493972665878
  ],
  "test_acc": [
    28.167474899255517,
    47.8041117410013,
    61.79222730687795,
    78.15039956287139,
    36.62318147667509,
    76.94829588142886,
    75.13831022471143,
    58.192746397104024,
    80.65022880950755,
    84.01748514445734,
    67.89153746328803,
    59.4016802131002,
    66.52551055255789,
    62.33180793661635,
    63.786626596543954,
    69.5034492179496,
    71.4158868929718,
    60.958950891332556,
    61.04774264053002,
    50.782050406393004
  ],
  "learning_rate": [
    0.001,
    0.001,
    0.001,
    0.001,
    0.001,
    0.001,
    0.001,
    0.001,
    0.001,
    0.001,
    0.001,
    0.001,
    0.001,
    0.001,
    0.001,
    0.0005,
    0.0005,
    0.0005,
    0.0005,
    0.0005
  ]
}