{
  "train_loss": [
    1.5791643006859213,
    1.2308208867617165,
    0.7407021408004865,
    0.3879464644988068,
    0.28608824380049924,
    0.23383528024933808,
    0.20139688333541456,
    0.1798754758720554,
    0.1632896257870753,
    0.15722891580914486,
    0.14119516487581044,
    0.1333642683760644,
    0.12662758422973375,
    0.11838290710016702,
    0.11523448083541027,
    0.09138178374743146,
    0.08942396671381297,
    0.0871068929218261,
    0.08513283686580271,
    0.08451032449526891
  ],
  "train_acc": [
    82.89257305738613,
    91.56079081042233,
    94.09206631503295,
    95.93144360664125,
    96.88036738820605,
    97.5479029880745,
    97.93405040624657,
    98.28365390471782,
    98.49682676963931,
    98.55529704116063,
    98.7124358958742,
    98.81110447906643,
    98.86592035861767,
    98.90855493160197,
    98.99869660019733,
    99.18385246001486,
    99.18750685198495,
    99.2167419877456,
    99.23501394759602,
    99.24354086219287
  ],
  "val_loss": [
    1.691123400336114,
    1.1608207810704954,
    1.0504383171830223,
    0.6820995389161822,
    0.9578484269294226,
    0.8504978062532772,
    0.9716115774430125,
    0.5728969666758709,
    0.5402029594145367,
    0.9677623241582763,
    0.5581896693802604,
    1.1164427625937996,
    0.9127815281363013,
    1.240628377543153,
    0.8530388416322036,
    0.5215701822574451,
    0.803427462666252,
    0.6641246695071459,
    1.0941012207697207,
    0.8915848394455476
  ],
  "val_acc": [
    76.58982802780827,
    84.51518477863154,
    78.21441639224295,
    87.75704354189536,
    79.70728137577754,
    77.43871203805342,
    81.17819246249543,
    88.7596048298573,
    93.2821075740944,
    80.71716062934505,
    92.36736187339919,
    71.68679107208196,
    76.13611416026345,
    71.72338090010977,
    79.80241492864984,
    89.3523600439078,
    83.62239297475301,
    82.25393340651299,
    72.03805342114892,
    81.37577753384559
  ],
  "test_loss": [
    1.7880804221206736,
    1.5661813328477825,
    0.7747757175119123,
    1.292920012758157,
    0.8174380482496503,
    0.6693901571262384,
    0.7909790247191335,
    0.7699514893449355,
    0.5927012832574198,
    0.6171917717764589,
    0.5798652229534689,
    0.884027112466849,
    0.7058247698592806,
    0.8484517709639307,
    0.5937469975030589,
    0.5487684768789979,
    0.7051986781096904,
    0.6017822126692561,
    0.8807961386584929,
    0.692752537848515
  ],
  "test_acc": [
    61.94198874844743,
    78.69511215021554,
    90.37773069335866,
    83.5683495287499,
    89.98319573317747,
    88.55117995177906,
    86.44699349747935,
    88.18586980346313,
    91.53941696500328,
    89.69094761452473,
    92.32848688536568,
    79.12617812522832,
    87.4114122890334,
    84.50354350843867,
    89.3183312632425,
    90.66267260904507,
    87.34565646233652,
    90.13662599547015,
    81.6979615693724,
    87.96668371447359
  ],
  "learning_rate": [
    0.001,
    0.001,
    0.001,
    0.001,
    0.001,
    0.001,
    0.001,
    0.001,
    0.001,
    0.001,
    0.001,
    0.001,
    0.001,
    0.001,
    0.0005,
    0.0005,
    0.0005,
    0.0005,
    0.0005,
    0.0005
  ]
}