{
  "train_loss": [
    0.6617542146591736,
    0.45244172703703284,
    0.3862265161625831,
    0.3704296446096119,
    0.3425682177903183,
    0.3365213698449072,
    0.3071175595779904,
    0.3053736268799342,
    0.2550919572800079,
    0.24471725450743428,
    0.23659078247968504,
    0.2313989143539311,
    0.21564146348555457,
    0.2063444758862431,
    0.19818912541716854,
    0.18309763454611774,
    0.17912704905108734,
    0.1765683170992014,
    0.17665415655680095,
    0.17270373952046342
  ],
  "train_acc": [
    69.66510962676689,
    81.23335818511023,
    85.24260913226725,
    87.40319218538411,
    89.45270301112244,
    90.32302238181458,
    90.10544253914155,
    89.1560032256592,
    91.87651202775284,
    92.07735495945103,
    92.16408258904798,
    92.45926083714986,
    92.66162530620939,
    92.88224822360513,
    92.54751000410815,
    93.15156033656406,
    93.60041385816228,
    93.48477701869969,
    93.74343837012918,
    93.52281545273344
  ],
  "val_loss": [
    5.437701212290006,
    4.531653540543257,
    5.145845374426781,
    5.235475718879547,
    6.598247359196345,
    5.835124888099157,
    5.373494252562523,
    7.533581795027623,
    6.444671289278911,
    6.613385466619944,
    6.6687515790645895,
    5.565322547004773,
    8.693034283816814,
    7.990194287246618,
    7.601799936248706,
    8.263133353911913,
    8.518981568133219,
    9.287215551886803,
    9.028989018920141,
    8.5946694522714
  ],
  "val_acc": [
    72.92093404342482,
    89.5124948791479,
    84.55551003687013,
    86.60385088078657,
    72.71609995903319,
    82.13846784104875,
    81.31913150348218,
    72.8799672265465,
    77.22244981564933,
    84.96517820565342,
    75.17410897173289,
    79.926259729619,
    76.89471528062269,
    69.60262187628021,
    71.52806226956166,
    77.79598525194592,
    78.65628840639083,
    74.51863990167963,
    71.97869725522327,
    73.41253584596477
  ],
  "test_loss": [
    0.9373728275907283,
    0.866808102933728,
    0.9143622713125482,
    1.0355519379280052,
    1.3818058996784444,
    0.8766403093782007,
    0.8009494294013296,
    1.1086490107130031,
    0.9167173522011358,
    1.0767742323670155,
    1.0097068414054051,
    0.89400849673821,
    1.2918373794808071,
    1.2148934282438488,
    1.150719658543869,
    1.237853756647709,
    1.1331929975246289,
    1.189211331703225,
    1.2320234931777327,
    1.2065104075821536
  ],
  "test_acc": [
    83.805332312795,
    93.77471616277586,
    91.44023472381681,
    92.67763745375686,
    87.44737849215461,
    94.57839010077817,
    94.45082280903176,
    85.65505804311775,
    92.1737466513586,
    95.66909044520985,
    87.03278479397882,
    92.08444954713612,
    85.68057150146703,
    83.97116979206531,
    88.51894374282433,
    91.3381808904197,
    90.90445209848195,
    91.10855976527618,
    80.88404133180252,
    88.42964663860187
  ],
  "learning_rate": [
    0.001,
    0.001,
    0.001,
    0.001,
    0.001,
    0.001,
    0.001,
    0.0005,
    0.0005,
    0.0005,
    0.0005,
    0.0005,
    0.0005,
    0.00025,
    0.00025,
    0.00025,
    0.00025,
    0.00025,
    0.00025,
    0.000125
  ]
}