{
  "train_loss": [
    1.60182634002882,
    1.4042420907720614,
    1.0196123911178085,
    0.4086601905965695,
    0.2887604661589398,
    0.2339823013665491,
    0.19746835402669033,
    0.1707455379677955,
    0.15307097050785834,
    0.14082732567596581,
    0.1331252763584703,
    0.12031218030996088,
    0.38190274376087147,
    0.14811453454018922,
    0.12335932526528423,
    0.1162405410991963,
    0.10517951912267404,
    0.10406848934867766,
    0.10022363210702566,
    0.0933400375509404
  ],
  "train_acc": [
    83.99308016674875,
    88.0632876416103,
    93.7036725573349,
    95.86011364865027,
    96.83081247972706,
    97.31135645550764,
    97.79190043128821,
    98.11746897487956,
    98.33131104410192,
    98.45985655762323,
    98.5595694325977,
    98.7601965424861,
    98.19435601100446,
    98.77941830151732,
    98.8959502156441,
    98.84549309818715,
    98.95962229243504,
    98.92478285419094,
    98.98485085116351,
    99.0148848496498
  ],
  "val_loss": [
    1.4489864924243678,
    1.3042403952540638,
    0.8919440687538307,
    1.0162295108991806,
    0.6584107797140273,
    0.34361206217903956,
    0.5032705383148984,
    0.5767125668282681,
    0.3501144944664056,
    0.5123335095644693,
    0.40278540967711224,
    0.44662326238353117,
    0.3652417830705086,
    0.4466453040471283,
    0.23950129921469732,
    0.31218733400036797,
    0.3957938255968495,
    0.45047738276004234,
    0.3520677758676705,
    0.35420611939419094
  ],
  "val_acc": [
    89.74864825368991,
    93.3581762384919,
    90.78620488090019,
    72.59973695747479,
    84.54625164401578,
    95.33830191436505,
    88.60149057430951,
    83.59637585854158,
    95.95937454332895,
    86.32178868917141,
    93.62852550051147,
    88.36036825953529,
    93.88426128890838,
    91.58263919333626,
    97.25266695893615,
    94.48341370743826,
    92.4667543475084,
    89.24448341370744,
    92.1014175069414,
    91.83837498173315
  ],
  "test_loss": [
    1.4999935925006866,
    1.6615374836386467,
    0.9504370692433143,
    1.0745925550558129,
    1.0336218197658962,
    0.6047171860629198,
    0.6369693536615494,
    0.9791518408348974,
    0.7740753360320719,
    0.6400064420791305,
    0.48999194481543135,
    0.3785326192345546,
    0.7621452532024408,
    0.6409673323018514,
    0.6991254521381794,
    0.6908710399756626,
    1.6608813146547394,
    0.6946690739227497,
    1.0559068069014015,
    0.6057962743679479
  ],
  "test_acc": [
    79.32108626198082,
    78.39456869009585,
    91.07827476038338,
    82.68370607028754,
    81.43769968051119,
    86.64536741214057,
    84.185303514377,
    84.52076677316293,
    82.5479233226837,
    84.43290734824281,
    92.57188498402556,
    91.1741214057508,
    85.84664536741214,
    84.10543130990415,
    82.06070287539936,
    81.8370607028754,
    79.185303514377,
    83.5702875399361,
    83.6182108626198,
    84.37699680511182
  ],
  "learning_rate": [
    0.001,
    0.001,
    0.001,
    0.001,
    0.001,
    0.001,
    0.001,
    0.001,
    0.001,
    0.001,
    0.001,
    0.001,
    0.001,
    0.001,
    0.001,
    0.001,
    0.001,
    0.001,
    0.001,
    0.001
  ]
}