{
  "train_loss": [
    0.4713196897892309,
    0.25340407272177984,
    0.21573878338797103,
    0.1814981545158317,
    0.15010535804916317,
    0.15902685798016475,
    0.16474582788273867,
    0.13350887323743485,
    0.09808620912496897,
    0.08333972679191237,
    0.08060715130068628,
    0.08161607775557714,
    0.07608197990729418,
    0.07176688560301914,
    0.054374812192367776,
    0.05158429744968079,
    0.04657007273170801,
    0.046683421281838916,
    0.04501797903284854,
    0.0467404608905282
  ],
  "train_acc": [
    76.56560242651626,
    89.17447285395832,
    90.94563482879174,
    92.64858148685028,
    93.92030989243906,
    93.96416259608006,
    93.5962871377584,
    94.60733558281461,
    96.14218021024935,
    96.9327470064439,
    96.58557976928606,
    96.6611038700011,
    96.97416344877152,
    97.1690643538426,
    97.81101920992046,
    97.86339882815831,
    97.9730305872608,
    98.1618408390484,
    98.16305896970509,
    98.0777898237365
  ],
  "val_loss": [
    1.4891870496185304,
    0.6976005114869555,
    1.3661303082763905,
    1.1784611996910621,
    1.2305800852482207,
    0.9473086624182151,
    1.1936927481160595,
    1.3249217255990822,
    1.1050126150010533,
    1.4886273179642822,
    1.4153410578358736,
    1.1847062328288813,
    1.528523426350896,
    1.321675466523026,
    1.392566634909327,
    1.2367566137610788,
    1.6833749134896427,
    1.3553053265552981,
    1.9161504488611767,
    1.7492158414022023
  ],
  "val_acc": [
    47.96926454445664,
    85.6494694474936,
    64.42005122575924,
    69.5206732528357,
    67.47164288327845,
    75.70435418953531,
    65.75923893157702,
    68.40834248079034,
    78.62422246615441,
    68.85473838272961,
    68.25466520307354,
    73.57482619831687,
    67.68386388583974,
    70.83790706183682,
    71.23307720453714,
    72.26491035492133,
    69.98170508598609,
    75.1335528723015,
    63.87120380534211,
    68.85473838272961
  ],
  "test_loss": [
    1.5152592025349074,
    1.2002210431410192,
    1.3819274551835712,
    1.492100801804129,
    1.6604638989736265,
    1.692521738801282,
    1.8593436123729274,
    1.9340206452892337,
    1.6974284293311734,
    1.5871968681365904,
    1.8546928730951056,
    1.753977021555771,
    1.9104265315946687,
    1.7759592338230148,
    1.8222066343810397,
    1.9274705465731616,
    2.0300849100540037,
    2.0833530561120885,
    2.253678146013435,
    2.160534144965355
  ],
  "test_acc": [
    56.4111931029444,
    76.19639073573464,
    68.12303645795281,
    64.17768685614087,
    58.96836414115584,
    70.00073062029664,
    68.45912179440344,
    69.42354058595748,
    69.63542047198071,
    71.54233944618981,
    70.00803682326296,
    71.75421933221305,
    63.578578212902755,
    62.13195002557171,
    65.80697011762987,
    71.19894790677284,
    67.33396653759041,
    70.29297873894937,
    63.29363629721634,
    70.0299554321619
  ],
  "learning_rate": [
    0.001,
    0.001,
    0.001,
    0.001,
    0.001,
    0.001,
    0.001,
    0.0005,
    0.0005,
    0.0005,
    0.0005,
    0.0005,
    0.0005,
    0.00025,
    0.00025,
    0.00025,
    0.00025,
    0.00025,
    0.00025,
    0.000125
  ]
}